Equipment,GP RMSE,GP MAE,ARIMA RMSE,ARIMA MAE,Persist RMSE,Persist MAE,Static RMSE,Static MAE
CBP30,0.6273604524525617,0.43714146966501055,0.33360050012908693,0.3220397555490139,0.33443700124576853,0.325802230205166,0.3322552337664293,0.32182722215065834
Meurer,0.7003656128356728,0.6539540557703354,0.3796974586107648,0.35458425464943033,0.6630005332312564,0.6273013524934327,0.31445154288963945,0.2786226362823753
Helix,0.5367612808223456,0.42005057874529655,0.5053554235733487,0.4551713236756525,0.49993528680409266,0.4335707121235555,0.4938707049870194,0.4335707121235555
SA30,0.547468076563143,0.3717667394324836,0.5270768610740618,0.4936508153873554,0.5050107432396113,0.3008581124716871,0.7658626988257999,0.7139276280649153
Main Line,0.41824868271969895,0.34189828506719006,0.2986382181772349,0.2785204670176708,0.08368430124367093,0.0695344108744994,0.4278672251610744,0.42199963064279206
